Company,Website,Instagram,LinkedIn,Contact Name,Job Title,Email,Phone,Country,City,Product Type,Current Packaging Quality,Lead Source,First Message Sent,Follow-up 1,Follow-up 2,Follow-up 3,Status,Next Action Date,Notes
"Afro Centric Network","http://www.iamafrocentric.com/","https://instagram.com/afrocentric_network","","","","","","United States","Atlanta","body oils, butters and body care","ok - functional branded packaging is visible, with room for stronger custom cartons, bundles or mailers.","https://www.theindexbeauty.com/atlanta/brands/afro-centric-network","","","","","","","DM DRAFT: Hi Afro Centric Network team - I was looking at the body oils and butters from Afro Centric Network, and the product story comes through clearly. If you're planning another launch or bundle, we can help with low-MOQ custom boxes and mailers from 50 plus free design support; open to a quick packaging idea? | LEAD SCORE: Hot"
"Cecily Skincare","http://cecilyskincare.com/","https://instagram.com/cecilyskincare","","","","","404-954-2252","United States","Atlanta","skincare","ok - functional branded packaging is visible, with room for stronger custom cartons, bundles or mailers.","https://www.theindexbeauty.com/atlanta/brands/cecily-skincare","","","","","","","DM DRAFT: Hi Cecily Skincare team - I was looking at the all-natural skincare range from Cecily Skincare, and the product story comes through clearly. If you're planning another launch or bundle, we can help with low-MOQ custom boxes and mailers from 50 plus free design support; open to a quick packaging idea? | LEAD SCORE: Hot"
"LIT Essentials","http://www.lit-essentials.com/","https://instagram.com/l.i.t.essentials","","","","","","United States","Atlanta","body oils, butters and body care","ok - functional branded packaging is visible, with room for stronger custom cartons, bundles or mailers.","https://www.theindexbeauty.com/atlanta/brands/lit-essentials","","","","","","","DM DRAFT: Hi LIT Essentials team - I was looking at the handmade bath, body-care and essential-oil kits from LIT Essentials, and the product story comes through clearly. If you're planning another launch or bundle, we can help with low-MOQ custom boxes and mailers from 50 plus free design support; open to a quick packaging idea? | LEAD SCORE: Hot"
"The Galore Beauty Brand","http://thegalorebeautybrand.com/","https://instagram.com/thegalorebeautybrand","","","","","","United States","Atlanta","skincare","ok - functional branded packaging is visible, with room for stronger custom cartons, bundles or mailers.","https://www.theindexbeauty.com/atlanta/brands/the-galore-beauty-brand","","","","","","","DM DRAFT: Hi The Galore Beauty Brand team - I was looking at the vegan skincare and cosmetics range from The Galore Beauty Brand, and the product story comes through clearly. If you're planning another launch or bundle, we can help with low-MOQ custom boxes and mailers from 50 plus free design support; open to a quick packaging idea? | LEAD SCORE: Hot"
"The Organic Cottage","http://theorganiccottage.com/","https://instagram.com/theorganiccottage_","","","","theofficialorganiccottage@gmail.com","","United States","Atlanta","skincare","ok - functional branded packaging is visible, with room for stronger custom cartons, bundles or mailers.","https://www.theindexbeauty.com/atlanta/brands/the-organic-cottage","","","","","","","DM DRAFT: Hi The Organic Cottage team - I was looking at the handcrafted soaps, body creams and face oils from The Organic Cottage, and the product story comes through clearly. If you're planning another launch or bundle, we can help with low-MOQ custom boxes and mailers from 50 plus free design support; open to a quick packaging idea? | LEAD SCORE: Hot"
"Bonnie Skincare","https://www.shopbonnieskincare.com/","https://instagram.com/shopbonnieskincare","","","","hello@shopbonnieskincare.com","13124361515","United States","Chicago","skincare","ok - functional branded packaging is visible, with room for stronger custom cartons, bundles or mailers.","https://www.theindexbeauty.com/chicago/brands/bonnie-skincare","","","","","","","DM DRAFT: Hi Bonnie Skincare team - I was looking at the small-batch skincare range from Bonnie Skincare, and the product story comes through clearly. If you're planning another launch or bundle, we can help with low-MOQ custom boxes and mailers from 50 plus free design support; open to a quick packaging idea? | LEAD SCORE: Hot"
"Chicago Skin Science","http://myskinscience.co/","https://instagram.com/chicagoskinscience","","","","","3126004525","United States","Chicago","skincare","ok - functional branded packaging is visible, with room for stronger custom cartons, bundles or mailers.","https://www.theindexbeauty.com/chicago/brands/chicago-skin-science","","","","","","","DM DRAFT: Hi Chicago Skin Science team - I was looking at the dermatologist-curated skincare line from Chicago Skin Science, and the product story comes through clearly. If you're planning another launch or bundle, we can help with low-MOQ custom boxes and mailers from 50 plus free design support; open to a quick packaging idea? | LEAD SCORE: Hot"
"Chicago Soapery and Apothecary LLC","http://chicagosoapery.com/","https://instagram.com/chicagosoapery","","","","","","United States","Chicago","body oils, butters and body care","ok - functional branded packaging is visible, with room for stronger custom cartons, bundles or mailers.","https://www.theindexbeauty.com/chicago/brands/chicago-soapery-and-apothecary-llc","","","","","","","DM DRAFT: Hi Chicago Soapery and Apothecary LLC team - I was looking at the handmade soaps, lotions and body butters from Chicago Soapery and Apothecary LLC, and the product story comes through clearly. If you're planning another launch or bundle, we can help with low-MOQ custom boxes and mailers from 50 plus free design support; open to a quick packaging idea? | LEAD SCORE: Hot"
"Distinct Bath and Body","http://www.distinctbath.com/","https://instagram.com/distinctbathandbody","","","","","","United States","Chicago","skincare","ok - functional branded packaging is visible, with room for stronger custom cartons, bundles or mailers.","https://www.theindexbeauty.com/chicago/brands/distinct-bath-and-body","","","","","","","DM DRAFT: Hi Distinct Bath and Body team - I was looking at the small-batch soaps and skincare from Distinct Bath and Body, and the product story comes through clearly. If you're planning another launch or bundle, we can help with low-MOQ custom boxes and mailers from 50 plus free design support; open to a quick packaging idea? | LEAD SCORE: Hot"
"Light + Love Soaps","https://light-love-soaps.square.site/","https://instagram.com/https://www.instagram.com/soap_lightandlove","","","","","","United States","Chicago","body oils, butters and body care","ok - functional branded packaging is visible, with room for stronger custom cartons, bundles or mailers.","https://www.theindexbeauty.com/chicago/brands/light-love-soaps","","","","","","","DM DRAFT: Hi Light + Love Soaps team - I was looking at the plant-based small-batch soaps from Light + Love Soaps, and the product story comes through clearly. If you're planning another launch or bundle, we can help with low-MOQ custom boxes and mailers from 50 plus free design support; open to a quick packaging idea? | LEAD SCORE: Hot"
"Scratch Goods","http://scratchgoods.com/","https://instagram.com/scratchgoods","","","","orders@scratchgoods.com","","United States","Chicago","skincare","ok - functional branded packaging is visible, with room for stronger custom cartons, bundles or mailers.","https://www.theindexbeauty.com/chicago/brands/scratch-goods","","","","","","","DM DRAFT: Hi Scratch Goods team - I was looking at the food-grade masks and skincare from Scratch Goods, and the product story comes through clearly. If you're planning another launch or bundle, we can help with low-MOQ custom boxes and mailers from 50 plus free design support; open to a quick packaging idea? | LEAD SCORE: Hot"
"Soap Distillery","http://www.soapdistillery.com/","https://instagram.com/soapdistillery","","Danielle Martin","Founder","","","United States","Chicago","body oils, butters and body care","ok - functional branded packaging is visible, with room for stronger custom cartons, bundles or mailers.","https://www.theindexbeauty.com/chicago/brands/soap-distillery","","","","","","","DM DRAFT: Hi Danielle - I was looking at the body-care goods built around refined aromas from Soap Distillery, and the product story comes through clearly. If you're planning another launch or bundle, we can help with low-MOQ custom boxes and mailers from 50 plus free design support; open to a quick packaging idea? | LEAD SCORE: Hot"
"Bread Beauty Supply","https://www.breadbeautysupply.com","https://www.instagram.com/bread/","","Maeva Heim","Founder & CEO","","","United States","Los Angeles","body oils, butters and body care","strong - cohesive branded components, cartons and campaign-ready presentation are visible.","https://www.theindexbeauty.com/los-angeles/brands/bread-beauty-supply","","","","","","","DM DRAFT: Hi Maeva - I was looking at the hair wash and everyday hair essentials from Bread Beauty Supply, and the product story comes through clearly. If you're planning another launch or bundle, we can help with low-MOQ custom boxes and mailers from 50 plus free design support; open to a quick packaging idea? | LEAD SCORE: Nurture"
"Danessa Myricks Beauty","https://www.danessamyricksbeauty.com","https://www.instagram.com/danessamyricksbeauty/","","Danessa Myricks","Founder","","","United States","Los Angeles","skincare","strong - cohesive branded components, cartons and campaign-ready presentation are visible.","https://www.theindexbeauty.com/los-angeles/brands/danessa-myricks-beauty","","","","","","","DM DRAFT: Hi Danessa - I was looking at the inclusive complexion and color products from Danessa Myricks Beauty, and the product story comes through clearly. If you're planning another launch or bundle, we can help with low-MOQ custom boxes and mailers from 50 plus free design support; open to a quick packaging idea? | LEAD SCORE: Nurture"
"Earthy Corazon","http://www.earthycorazon.com/","","","","","","","United States","Los Angeles","body oils, butters and body care","ok - functional branded packaging is visible, with room for stronger custom cartons, bundles or mailers.","https://www.theindexbeauty.com/los-angeles/brands/earthy-corazon","","","","","","","DM DRAFT: Hi Earthy Corazon team - I was looking at the natural body care and soy-candle range from Earthy Corazon, and the product story comes through clearly. If you're planning another launch or bundle, we can help with low-MOQ custom boxes and mailers from 50 plus free design support; open to a quick packaging idea? | LEAD SCORE: Hot"
"Flamingo Estate","https://www.flamingoestate.com","https://www.instagram.com/flamingo_estate/","","","","","","United States","Los Angeles","soap and bath care","strong - cohesive branded components, cartons and campaign-ready presentation are visible.","https://www.theindexbeauty.com/los-angeles/brands/flamingo-estate","","","","","","","DM DRAFT: Hi Flamingo Estate team - I was looking at the garden-led body and bath collection from Flamingo Estate, and the product story comes through clearly. If you're planning another launch or bundle, we can help with low-MOQ custom boxes and mailers from 50 plus free design support; open to a quick packaging idea? | LEAD SCORE: Nurture"
"Kinship","https://www.lovekinship.com","https://www.instagram.com/lovekinship/","","Christin Powell and Alison Haljun","Co-Founders","","","United States","Los Angeles","skincare","ok - cohesive labels are visible; secondary cartons or launch mailers could strengthen the system.","https://www.theindexbeauty.com/los-angeles/brands/kinship","","","","","","","DM DRAFT: Hi Christin - I was looking at the barrier-friendly sensitive-skin range from Kinship, and the product story comes through clearly. If you're planning another launch or bundle, we can help with low-MOQ custom boxes and mailers from 50 plus free design support; open to a quick packaging idea? | LEAD SCORE: Warm"
"Laurel Skin","https://www.laurelskin.com","https://www.instagram.com/p/","","","","","","United States","Los Angeles","skincare","ok - cohesive labels are visible; secondary cartons or launch mailers could strengthen the system.","https://www.theindexbeauty.com/los-angeles/brands/laurel-skin","","","","","","","DM DRAFT: Hi Laurel Skin team - I was looking at the flower-and-herb facial care from Laurel Skin, and the product story comes through clearly. If you're planning another launch or bundle, we can help with low-MOQ custom boxes and mailers from 50 plus free design support; open to a quick packaging idea? | LEAD SCORE: Warm"
"Nécessaire","https://www.necessaire.com","https://www.instagram.com/necessaire/","","Randi Christiansen","Co-Founder & CEO","","","United States","Los Angeles","skincare","strong - cohesive branded components, cartons and campaign-ready presentation are visible.","https://www.theindexbeauty.com/los-angeles/brands/necessaire","","","","","","","DM DRAFT: Hi Randi - I was looking at the minimal body and personal-care range from Nécessaire, and the product story comes through clearly. If you're planning another launch or bundle, we can help with low-MOQ custom boxes and mailers from 50 plus free design support; open to a quick packaging idea? | LEAD SCORE: Nurture"
"Osea Malibu","https://www.oseamalibu.com","https://www.instagram.com/oseamalibu/","","Jenefer Palmer","Founder","support@oseamalibu.com","","United States","Los Angeles","skincare","strong - cohesive branded components, cartons and campaign-ready presentation are visible.","https://www.theindexbeauty.com/los-angeles/brands/osea-malibu","","","","","","","DM DRAFT: Hi Jenefer - I was looking at the algae-powered skincare and body care from Osea Malibu, and the product story comes through clearly. If you're planning another launch or bundle, we can help with low-MOQ custom boxes and mailers from 50 plus free design support; open to a quick packaging idea? | LEAD SCORE: Nurture"
"The Things We Do","https://www.thethingswedo.co/","https://instagram.com/thethingswedo.co","","Vanessa Lee","Founder","","","United States","Los Angeles","skincare","ok - cohesive labels are visible; secondary cartons or launch mailers could strengthen the system.","https://www.theindexbeauty.com/los-angeles/brands/the-things-we-do","","","","","","","DM DRAFT: Hi Vanessa - I was looking at the clinical skincare collection from The Things We Do, and the product story comes through clearly. If you're planning another launch or bundle, we can help with low-MOQ custom boxes and mailers from 50 plus free design support; open to a quick packaging idea? | LEAD SCORE: Warm"
"True Botanicals","https://www.truebotanicals.com","https://www.instagram.com/truebotanicals/","","Hillary Peterson","Founder","","","United States","Los Angeles","skincare","strong - cohesive branded components, cartons and campaign-ready presentation are visible.","https://www.theindexbeauty.com/los-angeles/brands/true-botanicals","","","","","","","DM DRAFT: Hi Hillary - I was looking at the luxury botanical skincare range from True Botanicals, and the product story comes through clearly. If you're planning another launch or bundle, we can help with low-MOQ custom boxes and mailers from 50 plus free design support; open to a quick packaging idea? | LEAD SCORE: Nurture"
"Bomba Curls","https://www.bombacurls.com","https://instagram.com/https://www.instagram.com/bombacurls/","","Lulu Cordero","Founder","","","United States","Miami","skincare","ok - cohesive labels are visible; secondary cartons or launch mailers could strengthen the system.","https://www.theindexbeauty.com/miami/brands/bomba-curls","","","","","","","DM DRAFT: Hi Lulu - I was looking at the Dominican-inspired curl-care range from Bomba Curls, and the product story comes through clearly. If you're planning another launch or bundle, we can help with low-MOQ custom boxes and mailers from 50 plus free design support; open to a quick packaging idea? | LEAD SCORE: Warm"
"Buttah Skin","https://www.buttahskin.com","https://www.instagram.com/buttahskin/","","Dorion Renaud","Founder","info@buttahskin.com","","United States","Miami","skincare","ok - cohesive labels are visible; secondary cartons or launch mailers could strengthen the system.","https://www.theindexbeauty.com/miami/brands/buttah-skin","","","","","","","DM DRAFT: Hi Dorion - I was looking at the dark-spot and hydration skincare from Buttah Skin, and the product story comes through clearly. If you're planning another launch or bundle, we can help with low-MOQ custom boxes and mailers from 50 plus free design support; open to a quick packaging idea? | LEAD SCORE: Warm"
"IN SKIN Inc","https://www.inskin.com/","https://instagram.com/inskin.inc","","","","","3058542998","United States","Miami","skincare","ok - functional branded packaging is visible, with room for stronger custom cartons, bundles or mailers.","https://www.theindexbeauty.com/miami/brands/in-skin-inc","","","","","","","DM DRAFT: Hi IN SKIN Inc team - I was looking at the clinical skincare treatments and products from IN SKIN Inc, and the product story comes through clearly. If you're planning another launch or bundle, we can help with low-MOQ custom boxes and mailers from 50 plus free design support; open to a quick packaging idea? | LEAD SCORE: Hot"
"Kopari Beauty","https://www.koparibeauty.com","https://www.instagram.com/koparibeauty/","","","","","","United States","Miami","skincare","strong - cohesive branded components, cartons and campaign-ready presentation are visible.","https://www.theindexbeauty.com/miami/brands/kopari-beauty","","","","","","","DM DRAFT: Hi Kopari Beauty team - I was looking at the coconut-led skin and body care from Kopari Beauty, and the product story comes through clearly. If you're planning another launch or bundle, we can help with low-MOQ custom boxes and mailers from 50 plus free design support; open to a quick packaging idea? | LEAD SCORE: Nurture"
"Olsuss Apothecary","https://www.olsuss.com/","https://instagram.com/olsuss","","","","","","United States","Miami","skincare","ok - functional branded packaging is visible, with room for stronger custom cartons, bundles or mailers.","https://www.theindexbeauty.com/miami/brands/olsuss-apothecary","","","","","","","DM DRAFT: Hi Olsuss Apothecary team - I was looking at the holistic facial-care products from Olsuss Apothecary, and the product story comes through clearly. If you're planning another launch or bundle, we can help with low-MOQ custom boxes and mailers from 50 plus free design support; open to a quick packaging idea? | LEAD SCORE: Hot"
"Oui the People","https://www.ouipeople.com","","","Karen Young","Founder","","","United States","Miami","body oils, butters and body care","ok - cohesive labels are visible; secondary cartons or launch mailers could strengthen the system.","https://www.theindexbeauty.com/miami/brands/oui-the-people","","","","","","","DM DRAFT: Hi Karen - I was looking at the body-care and shaving collection from Oui the People, and the product story comes through clearly. If you're planning another launch or bundle, we can help with low-MOQ custom boxes and mailers from 50 plus free design support; open to a quick packaging idea? | LEAD SCORE: Warm"
"Sol Glow Functional Beauty","http://thesolglow.com/","","","","","","","United States","Miami","skincare","ok - functional branded packaging is visible, with room for stronger custom cartons, bundles or mailers.","https://www.theindexbeauty.com/miami/brands/sol-glow-functional-beauty","","","","","","","DM DRAFT: Hi Sol Glow Functional Beauty team - I was looking at the botanical skincare collection from Sol Glow Functional Beauty, and the product story comes through clearly. If you're planning another launch or bundle, we can help with low-MOQ custom boxes and mailers from 50 plus free design support; open to a quick packaging idea? | LEAD SCORE: Hot"
"The Lip Bar","https://www.thelipbar.com","https://www.instagram.com/thelipbar/","","Melissa Butler","Founder & CEO","","","United States","Miami","skincare","strong - cohesive branded components, cartons and campaign-ready presentation are visible.","https://www.theindexbeauty.com/miami/brands/the-lip-bar","","","","","","","DM DRAFT: Hi Melissa - I was looking at the complexion-led vegan makeup range from The Lip Bar, and the product story comes through clearly. If you're planning another launch or bundle, we can help with low-MOQ custom boxes and mailers from 50 plus free design support; open to a quick packaging idea? | LEAD SCORE: Nurture"
"Baddie Glow Co","https://www.thebaddieglow.com/","https://instagram.com/baddieglowco","","","","","","United States","New York","skincare","ok - functional branded packaging is visible, with room for stronger custom cartons, bundles or mailers.","https://www.theindexbeauty.com/new-york/brands/baddie-glow-co","","","","","","","DM DRAFT: Hi Baddie Glow Co team - I was looking at the Brooklyn skincare range from Baddie Glow Co, and the product story comes through clearly. If you're planning another launch or bundle, we can help with low-MOQ custom boxes and mailers from 50 plus free design support; open to a quick packaging idea? | LEAD SCORE: Hot"
"Beneath Your Mask","https://www.beneathyourmask.com","https://www.instagram.com/beneathyourmask/","","Dana Jackson","Founder","","","United States","New York","skincare","ok - cohesive labels are visible; secondary cartons or launch mailers could strengthen the system.","https://www.theindexbeauty.com/new-york/brands/beneath-your-mask","","","","","","","DM DRAFT: Hi Dana - I was looking at the handcrafted skin and hair treatments from Beneath Your Mask, and the product story comes through clearly. If you're planning another launch or bundle, we can help with low-MOQ custom boxes and mailers from 50 plus free design support; open to a quick packaging idea? | LEAD SCORE: Warm"
"BIOS APOTHECARY","https://www.biosapothecary.com/","https://www.instagram.com/biosapothecary/","","","","","","United States","New York","skincare","ok - cohesive labels are visible; secondary cartons or launch mailers could strengthen the system.","https://www.theindexbeauty.com/new-york/brands/bios-apothecary","","","","","","","DM DRAFT: Hi BIOS APOTHECARY team - I was looking at the apothecary-inspired skincare from BIOS APOTHECARY, and the product story comes through clearly. If you're planning another launch or bundle, we can help with low-MOQ custom boxes and mailers from 50 plus free design support; open to a quick packaging idea? | LEAD SCORE: Warm"
"Bolden","https://www.boldenskin.com","","","Chinelo Chidozie and Ndidi Obidoa","Co-Founders","","","United States","New York","skincare","ok - cohesive labels are visible; secondary cartons or launch mailers could strengthen the system.","https://www.theindexbeauty.com/new-york/brands/bolden","","","","","","","DM DRAFT: Hi Chinelo - I was looking at the Brightening Toner and SPF moisturizer from Bolden, and the product story comes through clearly. If you're planning another launch or bundle, we can help with low-MOQ custom boxes and mailers from 50 plus free design support; open to a quick packaging idea? | LEAD SCORE: Warm"
"Brooklyn Kat handmade skin and hair products","http://brooklynkat.com/","https://instagram.com/brooklynkat_","","","","","","United States","New York","body oils, butters and body care","ok - functional branded packaging is visible, with room for stronger custom cartons, bundles or mailers.","https://www.theindexbeauty.com/new-york/brands/brooklyn-kat-handmade-skin-and-hair-products","","","","","","","DM DRAFT: Hi Brooklyn Kat handmade skin and hair products team - I was looking at the organic skin and hair-care range from Brooklyn Kat handmade skin and hair products, and the product story comes through clearly. If you're planning another launch or bundle, we can help with low-MOQ custom boxes and mailers from 50 plus free design support; open to a quick packaging idea? | LEAD SCORE: Hot"
"Ceremonia","https://www.myceremonia.com","","","Babba Rivera","Founder & CEO","","","United States","New York","body oils, butters and body care","strong - cohesive branded components, cartons and campaign-ready presentation are visible.","https://www.theindexbeauty.com/new-york/brands/ceremonia","","","","","","","DM DRAFT: Hi Babba - I was looking at the Latin-inspired hair-care rituals from Ceremonia, and the product story comes through clearly. If you're planning another launch or bundle, we can help with low-MOQ custom boxes and mailers from 50 plus free design support; open to a quick packaging idea? | LEAD SCORE: Nurture"
"Crown Affair","https://www.crownaffair.com","https://instagram.com/crownaffair","","Dianna Cohen","Founder & CEO","","","United States","New York","skincare","strong - cohesive branded components, cartons and campaign-ready presentation are visible.","https://www.theindexbeauty.com/new-york/brands/crown-affair","","","","","","","DM DRAFT: Hi Dianna - I was looking at the luxury hair-care and tools from Crown Affair, and the product story comes through clearly. If you're planning another launch or bundle, we can help with low-MOQ custom boxes and mailers from 50 plus free design support; open to a quick packaging idea? | LEAD SCORE: Nurture"
"EADEM","https://www.eadem.co","https://www.instagram.com/eadem.co/","https://www.linkedin.com/company/eadem","Alice Lin Glover and Marie Kouadio Amouzame","Co-Founders","","","United States","New York","skincare","strong - cohesive branded components, cartons and campaign-ready presentation are visible.","https://www.theindexbeauty.com/new-york/brands/eadem","","","","","","","DM DRAFT: Hi Alice - I was looking at the Milk Marvel and barrier-focused skincare from EADEM, and the product story comes through clearly. If you're planning another launch or bundle, we can help with low-MOQ custom boxes and mailers from 50 plus free design support; open to a quick packaging idea? | LEAD SCORE: Nurture"
"Ebaata Skincare","https://ebaataskincare.com/","https://instagram.com/ebaataskincare","","","","","","United States","New York","skincare","ok - functional branded packaging is visible, with room for stronger custom cartons, bundles or mailers.","https://www.theindexbeauty.com/new-york/brands/ebaata-skincare","","","","","","","DM DRAFT: Hi Ebaata Skincare team - I was looking at the handmade face, bath and body products from Ebaata Skincare, and the product story comes through clearly. If you're planning another launch or bundle, we can help with low-MOQ custom boxes and mailers from 50 plus free design support; open to a quick packaging idea? | LEAD SCORE: Hot"
"Fur","https://www.furyou.com","https://instagram.com/fur_you","","Laura Schubert and Lillian Tung","Co-Founders","hello@furyou.com","","United States","New York","skincare","strong - cohesive branded components, cartons and campaign-ready presentation are visible.","https://www.theindexbeauty.com/new-york/brands/fur","","","","","","","DM DRAFT: Hi Laura - I was looking at the ingrown-hair and body-care range from Fur, and the product story comes through clearly. If you're planning another launch or bundle, we can help with low-MOQ custom boxes and mailers from 50 plus free design support; open to a quick packaging idea? | LEAD SCORE: Nurture"
"Golde","https://www.golde.co","https://instagram.com/golde","","Trinity Mouzon Wofford","Co-Founder & CEO","support@golde.co","","United States","New York","skincare","strong - cohesive branded components, cartons and campaign-ready presentation are visible.","https://www.theindexbeauty.com/new-york/brands/golde","","","","","","","DM DRAFT: Hi Trinity - I was looking at the superfood face masks and wellness blends from Golde, and the product story comes through clearly. If you're planning another launch or bundle, we can help with low-MOQ custom boxes and mailers from 50 plus free design support; open to a quick packaging idea? | LEAD SCORE: Nurture"
"Hanahana Beauty","https://www.hanahanabeauty.com","https://instagram.com/hanahana_beauty","","Abena Boamah-Acheampong","Founder & CEO","","","United States","New York","skincare","ok - cohesive labels are visible; secondary cartons or launch mailers could strengthen the system.","https://www.theindexbeauty.com/new-york/brands/hanahana-beauty","","","","","","","DM DRAFT: Hi Abena - I was looking at the shea body butter range from Hanahana Beauty, and the product story comes through clearly. If you're planning another launch or bundle, we can help with low-MOQ custom boxes and mailers from 50 plus free design support; open to a quick packaging idea? | LEAD SCORE: Warm"
"Kinlò","https://www.kinloskin.com","","","","","","","United States","New York","skincare","ok - cohesive labels are visible; secondary cartons or launch mailers could strengthen the system.","https://www.theindexbeauty.com/new-york/brands/kinlo","","","","","","","DM DRAFT: Hi Kinlò team - I was looking at the melanin-focused suncare and skincare from Kinlò, and the product story comes through clearly. If you're planning another launch or bundle, we can help with low-MOQ custom boxes and mailers from 50 plus free design support; open to a quick packaging idea? | LEAD SCORE: Warm"
"Luksha Cosmetics LLC","https://lukshacosmetics.com/","https://instagram.com/lukshacosmetics","","","","","","United States","New York","skincare","ok - functional branded packaging is visible, with room for stronger custom cartons, bundles or mailers.","https://www.theindexbeauty.com/new-york/brands/luksha-cosmetics-llc","","","","","","","DM DRAFT: Hi Luksha Cosmetics LLC team - I was looking at the biomimetic sensitive-skin range from Luksha Cosmetics LLC, and the product story comes through clearly. If you're planning another launch or bundle, we can help with low-MOQ custom boxes and mailers from 50 plus free design support; open to a quick packaging idea? | LEAD SCORE: Hot"
"My Emollient","https://myemollient.com/","https://instagram.com/myemollient","","","","","","United States","New York","body oils, butters and body care","ok - functional branded packaging is visible, with room for stronger custom cartons, bundles or mailers.","https://www.theindexbeauty.com/new-york/brands/my-emollient","","","","","","","DM DRAFT: Hi My Emollient team - I was looking at the organic body butters, oils and beard care from My Emollient, and the product story comes through clearly. If you're planning another launch or bundle, we can help with low-MOQ custom boxes and mailers from 50 plus free design support; open to a quick packaging idea? | LEAD SCORE: Hot"
"Mystic Essence","http://www.mysticessence.com/","https://www.instagram.com/mysticessenceonline/","","","","","","United States","New York","body oils, butters and body care","ok - functional branded packaging is visible, with room for stronger custom cartons, bundles or mailers.","https://www.theindexbeauty.com/new-york/brands/mystic-essence","","","","","","","DM DRAFT: Hi Mystic Essence team - I was looking at the natural skin, body and hair-care range from Mystic Essence, and the product story comes through clearly. If you're planning another launch or bundle, we can help with low-MOQ custom boxes and mailers from 50 plus free design support; open to a quick packaging idea? | LEAD SCORE: Hot"
"Naturally Drenched","https://www.naturallydrenched.com","https://www.instagram.com/stories/","","Jamila Powell","Founder","","","United States","New York","body oils, butters and body care","ok - cohesive labels are visible; secondary cartons or launch mailers could strengthen the system.","https://www.theindexbeauty.com/new-york/brands/naturally-drenched","","","","","","","DM DRAFT: Hi Jamila - I was looking at the curl masque, hair oil and pre-conditioner range from Naturally Drenched, and the product story comes through clearly. If you're planning another launch or bundle, we can help with low-MOQ custom boxes and mailers from 50 plus free design support; open to a quick packaging idea? | LEAD SCORE: Warm"
"Netanyah's Candles and Skin Care LLC.","http://netanyahs.com/","","","","","","","United States","New York","body oils, butters and body care","ok - functional branded packaging is visible, with room for stronger custom cartons, bundles or mailers.","https://www.theindexbeauty.com/new-york/brands/netanyah-s-candles-and-skin-care-llc","","","","","","","DM DRAFT: Hi Netanyah's Candles and Skin Care LLC. team - I was looking at the handcrafted soaps, candles and body care from Netanyah's Candles and Skin Care LLC., and the product story comes through clearly. If you're planning another launch or bundle, we can help with low-MOQ custom boxes and mailers from 50 plus free design support; open to a quick packaging idea? | LEAD SCORE: Hot"
"Range Beauty","https://www.rangebeauty.com","https://instagram.com/Rangebeauty","","Alicia Scott","Founder & CEO","","","United States","New York","skincare","strong - cohesive branded components, cartons and campaign-ready presentation are visible.","https://www.theindexbeauty.com/new-york/brands/range-beauty","","","","","","","DM DRAFT: Hi Alicia - I was looking at the True Intentions hydrating foundation from Range Beauty, and the product story comes through clearly. If you're planning another launch or bundle, we can help with low-MOQ custom boxes and mailers from 50 plus free design support; open to a quick packaging idea? | LEAD SCORE: Nurture"
"Sienna Naturals","https://www.siennanaturals.com","https://www.instagram.com/siennanaturals/","","","","","","United States","New York","skincare","strong - cohesive branded components, cartons and campaign-ready presentation are visible.","https://www.theindexbeauty.com/new-york/brands/sienna-naturals","","","","","","","DM DRAFT: Hi Sienna Naturals team - I was looking at the textured-hair hydration range from Sienna Naturals, and the product story comes through clearly. If you're planning another launch or bundle, we can help with low-MOQ custom boxes and mailers from 50 plus free design support; open to a quick packaging idea? | LEAD SCORE: Nurture"
"Soap Cherie","http://soapcherie.com/","https://instagram.com/soapcherieny","","","","","","United States","New York","body oils, butters and body care","ok - functional branded packaging is visible, with room for stronger custom cartons, bundles or mailers.","https://www.theindexbeauty.com/new-york/brands/soap-cherie","","","","","","","DM DRAFT: Hi Soap Cherie team - I was looking at the handmade soaps, moisturizers and exfoliators from Soap Cherie, and the product story comes through clearly. If you're planning another launch or bundle, we can help with low-MOQ custom boxes and mailers from 50 plus free design support; open to a quick packaging idea? | LEAD SCORE: Hot"
"Soapology","https://www.soapologynyc.com/","https://instagram.com/soapologynyc","","","","","","United States","New York","skincare","ok - functional branded packaging is visible, with room for stronger custom cartons, bundles or mailers.","https://www.theindexbeauty.com/new-york/brands/soapology","","","","","","","DM DRAFT: Hi Soapology team - I was looking at the handcrafted bath, body and fragrance oils from Soapology, and the product story comes through clearly. If you're planning another launch or bundle, we can help with low-MOQ custom boxes and mailers from 50 plus free design support; open to a quick packaging idea? | LEAD SCORE: Hot"
"Starface","https://www.starface.world","https://instagram.com/starface","","Julie Schott and Brian Bordainick","Co-Founders","","","United States","New York","skincare","strong - cohesive branded components, cartons and campaign-ready presentation are visible.","https://www.theindexbeauty.com/new-york/brands/starface","","","","","","","DM DRAFT: Hi Julie - I was looking at the hydrocolloid pimple patches from Starface, and the product story comes through clearly. If you're planning another launch or bundle, we can help with low-MOQ custom boxes and mailers from 50 plus free design support; open to a quick packaging idea? | LEAD SCORE: Nurture"
"Surreal Skincare","http://surrealskincare.com/","","","","","","","United States","New York","skincare","ok - functional branded packaging is visible, with room for stronger custom cartons, bundles or mailers.","https://www.theindexbeauty.com/new-york/brands/surreal-skincare","","","","","","","DM DRAFT: Hi Surreal Skincare team - I was looking at the small-batch natural skincare from Surreal Skincare, and the product story comes through clearly. If you're planning another launch or bundle, we can help with low-MOQ custom boxes and mailers from 50 plus free design support; open to a quick packaging idea? | LEAD SCORE: Hot"
"Sweetwater Labs","https://www.sweetwaterlabsnyc.com/","https://instagram.com/sweetwaterlabsnyc","","","","info@sweetwaterlabsnyc.com","646-825-1488","United States","New York","skincare","ok - functional branded packaging is visible, with room for stronger custom cartons, bundles or mailers.","https://www.theindexbeauty.com/new-york/brands/sweetwater-labs","","","","","","","DM DRAFT: Hi Sweetwater Labs team - I was looking at the natural skincare range from Sweetwater Labs, and the product story comes through clearly. If you're planning another launch or bundle, we can help with low-MOQ custom boxes and mailers from 50 plus free design support; open to a quick packaging idea? | LEAD SCORE: Hot"
"Undefined Beauty","https://www.undefinedbeauty.com","","","Dorian Morris","Founder & CEO","","","United States","New York","skincare","ok - cohesive labels are visible; secondary cartons or launch mailers could strengthen the system.","https://www.theindexbeauty.com/new-york/brands/undefined-beauty","","","","","","","DM DRAFT: Hi Dorian - I was looking at the inclusive plant-powered skincare from Undefined Beauty, and the product story comes through clearly. If you're planning another launch or bundle, we can help with low-MOQ custom boxes and mailers from 50 plus free design support; open to a quick packaging idea? | LEAD SCORE: Warm"
"Pattern Beauty","https://www.patternbeauty.com","https://www.instagram.com/patternbeauty/","","Tracee Ellis Ross","Founder","","","United States","Los Angeles","body oils, butters and body care","strong - cohesive branded components, cartons and campaign-ready presentation are visible.","https://www.theindexbeauty.com/los-angeles/brands/pattern-beauty","","","","","","","DM DRAFT: Hi Tracee - I was looking at the curl, coil and textured-hair range from Pattern Beauty, and the product story comes through clearly. If you're planning another launch or bundle, we can help with low-MOQ custom boxes and mailers from 50 plus free design support; open to a quick packaging idea? | LEAD SCORE: Nurture"
"Moon Juice","https://www.moonjuice.com","https://www.instagram.com/moonjuice/","","Amanda Chantal Bacon","Founder","","","United States","Los Angeles","body oils, butters and body care","strong - cohesive branded components, cartons and campaign-ready presentation are visible.","https://www.theindexbeauty.com/los-angeles/brands/moon-juice","","","","","","","DM DRAFT: Hi Amanda - I was looking at the plant-sourced skincare and wellness blends from Moon Juice, and the product story comes through clearly. If you're planning another launch or bundle, we can help with low-MOQ custom boxes and mailers from 50 plus free design support; open to a quick packaging idea? | LEAD SCORE: Nurture"
"Tower 28 Beauty","https://www.tower28beauty.com","https://www.instagram.com/tower28beauty/","","Amy Liu","Founder & CEO","","","United States","Los Angeles","skincare","strong - cohesive branded components, cartons and campaign-ready presentation are visible.","https://www.theindexbeauty.com/los-angeles/brands/tower-28-beauty","","","","","","","DM DRAFT: Hi Amy - I was looking at the sensitive-skin makeup and skincare from Tower 28 Beauty, and the product story comes through clearly. If you're planning another launch or bundle, we can help with low-MOQ custom boxes and mailers from 50 plus free design support; open to a quick packaging idea? | LEAD SCORE: Nurture"
"Experiment Beauty","https://experimentbeauty.com","https://www.instagram.com/experimentbeauty/","https://www.linkedin.com/company/experimentworld","Lisa Guerrera","Co-Founder","hey@experimentbeauty.com","","United States","New York","Skincare","ok - cohesive labels are visible; secondary cartons or launch mailers could strengthen the system.","https://experimentbeauty.com","","","","","","","DM DRAFT: Hi Lisa - I was looking at the Super Saturated serum and Molecular Mesh mask from Experiment Beauty, and the product story comes through clearly. If you're planning another launch or bundle, we can help with low-MOQ custom boxes and mailers from 50 plus free design support; open to a quick packaging idea? | LEAD SCORE: Warm"
"Dieux Skin","https://www.dieuxskin.com","https://www.instagram.com/dieuxskin/","","Charlotte Palermino","Co-Founder & Chief Brand Officer","","","United States","New York","Skincare","strong - cohesive branded components, cartons and campaign-ready presentation are visible.","https://www.dieuxskin.com/pages/about","","","","","","","DM DRAFT: Hi Charlotte - I was looking at the Forever Eye Mask and Instant Angel moisturizer from Dieux Skin, and the product story comes through clearly. If you're planning another launch or bundle, we can help with low-MOQ custom boxes and mailers from 50 plus free design support; open to a quick packaging idea? | LEAD SCORE: Nurture"
"Soft Services","https://softservices.com","https://www.instagram.com/softservices/","","Rebecca Zhou","Founder","help@softservices.co","","United States","New York","Body care","strong - cohesive branded components, cartons and campaign-ready presentation are visible.","https://softservices.com","","","","","","","DM DRAFT: Hi Rebecca - I was looking at the Buffing Bar and Carea Cream body-care system from Soft Services, and the product story comes through clearly. If you're planning another launch or bundle, we can help with low-MOQ custom boxes and mailers from 50 plus free design support; open to a quick packaging idea? | LEAD SCORE: Nurture"
"Prequel","https://prequelskin.com","https://www.instagram.com/prequelskin/","","Dr. Samantha Ellis","Founder","","","United States","","Skincare","ok - cohesive labels are visible; secondary cartons or launch mailers could strengthen the system.","https://prequelskin.com","","","","","","","DM DRAFT: Hi Dr. - I was looking at the Gleanser and Multi-Quench barrier-care routine from Prequel, and the product story comes through clearly. If you're planning another launch or bundle, we can help with low-MOQ custom boxes and mailers from 50 plus free design support; open to a quick packaging idea? | LEAD SCORE: Warm"
"Topicals","https://mytopicals.com","https://www.instagram.com/topicals/","","Olamide Olowe","Founder & CEO","","","United States","Los Angeles","Skincare","strong - cohesive branded components, cartons and campaign-ready presentation are visible.","https://mytopicals.com","","","","","","","DM DRAFT: Hi Olamide - I was looking at the Faded dark-spot serum and patches from Topicals, and the product story comes through clearly. If you're planning another launch or bundle, we can help with low-MOQ custom boxes and mailers from 50 plus free design support; open to a quick packaging idea? | LEAD SCORE: Nurture"
"SACHEU Beauty","https://sacheu.com","https://www.instagram.com/sacheu/","","Sarah Cheung","Founder","","","United States","New York","Cosmetics","ok - cohesive labels are visible; secondary cartons or launch mailers could strengthen the system.","https://sacheu.com","","","","","","","DM DRAFT: Hi Sarah - I was looking at the Lip Liner STAY-N peel-off lip stain from SACHEU Beauty, and the product story comes through clearly. If you're planning another launch or bundle, we can help with low-MOQ custom boxes and mailers from 50 plus free design support; open to a quick packaging idea? | LEAD SCORE: Warm"
"Vacation","https://www.vacation.inc","https://www.instagram.com/vacationinc/","","","","vacation@vacation.inc","","United States","Miami","Suncare","strong - cohesive branded components, cartons and campaign-ready presentation are visible.","https://www.vacation.inc","","","","","","","DM DRAFT: Hi Vacation team - I was looking at the Classic Whip SPF and Orange Gelée sunscreen from Vacation, and the product story comes through clearly. If you're planning another launch or bundle, we can help with low-MOQ custom boxes and mailers from 50 plus free design support; open to a quick packaging idea? | LEAD SCORE: Nurture"
"Dune Suncare","https://dunesuncare.com","https://www.instagram.com/dunesuncare/","","Emily Doyle and Mei Kwok","Co-Founders","","","United States","New York","Suncare","ok - cohesive labels are visible; secondary cartons or launch mailers could strengthen the system.","https://dunesuncare.com","","","","","","","DM DRAFT: Hi Emily - I was looking at the Mug Guard face sunscreen and The Bod Guard body gel from Dune Suncare, and the product story comes through clearly. If you're planning another launch or bundle, we can help with low-MOQ custom boxes and mailers from 50 plus free design support; open to a quick packaging idea? | LEAD SCORE: Warm"
"Bubble Skincare","https://hellobubble.com","https://www.instagram.com/bubble/","","Shai Eisenman","Founder & CEO","","","United States","New York","Skincare","strong - cohesive branded components, cartons and campaign-ready presentation are visible.","https://hellobubble.com","","","","","","","DM DRAFT: Hi Shai - I was looking at the Slam Dunk moisturizer and Cloud Surf cream from Bubble Skincare, and the product story comes through clearly. If you're planning another launch or bundle, we can help with low-MOQ custom boxes and mailers from 50 plus free design support; open to a quick packaging idea? | LEAD SCORE: Nurture"
"Cocokind","https://www.cocokind.com","https://www.instagram.com/cocokind/","","Priscilla Tsai","Founder & CEO","","","United States","San Francisco","Skincare","strong - cohesive branded components, cartons and campaign-ready presentation are visible.","https://www.cocokind.com","","","","","","","DM DRAFT: Hi Priscilla - I was looking at the Ceramide Barrier Serum and Resurrection Polypeptide Cream from Cocokind, and the product story comes through clearly. If you're planning another launch or bundle, we can help with low-MOQ custom boxes and mailers from 50 plus free design support; open to a quick packaging idea? | LEAD SCORE: Nurture"
"Naturium","https://naturium.com","https://www.instagram.com/naturiumskin/","","Susan Yara","Founder","","","United States","Los Angeles","Skincare","strong - cohesive branded components, cartons and campaign-ready presentation are visible.","https://naturium.com","","","","","","","DM DRAFT: Hi Susan - I was looking at the The Glow Getter body wash and Niacinamide Serum from Naturium, and the product story comes through clearly. If you're planning another launch or bundle, we can help with low-MOQ custom boxes and mailers from 50 plus free design support; open to a quick packaging idea? | LEAD SCORE: Nurture"
"Onekind","https://onekind.us","https://www.instagram.com/onekind.us/","","","","hello@onekind.us","8885155444","United States","","Skincare","ok - cohesive labels are visible; secondary cartons or launch mailers could strengthen the system.","https://onekind.us","","","","","","","DM DRAFT: Hi Onekind team - I was looking at the Dream Cream moisturizer and sensitive-skin fragrance oils from Onekind, and the product story comes through clearly. If you're planning another launch or bundle, we can help with low-MOQ custom boxes and mailers from 50 plus free design support; open to a quick packaging idea? | LEAD SCORE: Warm"
"Snaykaa","https://snaykaa.com","https://www.instagram.com/the_snaykaa/","","","","","","United States","","Skincare","ok - functional branded packaging is visible, with room for stronger custom cartons, bundles or mailers.","https://snaykaa.com","","","","","","","DM DRAFT: Hi Snaykaa team - I was looking at the two-step serum and cream Duo from Snaykaa, and the product story comes through clearly. If you're planning another launch or bundle, we can help with low-MOQ custom boxes and mailers from 50 plus free design support; open to a quick packaging idea? | LEAD SCORE: Hot"
"Privai","https://privai.com","https://www.instagram.com/privaiskincare/","","","","","18285752433","United States","Asheville","Skincare","ok - cohesive labels are visible; secondary cartons or launch mailers could strengthen the system.","https://privai.com","","","","","","","DM DRAFT: Hi Privai team - I was looking at the spa-rooted botanical skincare range from Privai, and the product story comes through clearly. If you're planning another launch or bundle, we can help with low-MOQ custom boxes and mailers from 50 plus free design support; open to a quick packaging idea? | LEAD SCORE: Warm"
"Clae Skincare","https://www.claeskin.com","https://www.instagram.com/claeskin/","","","","","","United States","","Skincare","ok - functional branded packaging is visible, with room for stronger custom cartons, bundles or mailers.","https://www.claeskin.com","","","","","","","DM DRAFT: Hi Clae Skincare team - I was looking at the simplified Made-in-USA skincare range from Clae Skincare, and the product story comes through clearly. If you're planning another launch or bundle, we can help with low-MOQ custom boxes and mailers from 50 plus free design support; open to a quick packaging idea? | LEAD SCORE: Hot"
"Dahliana Skincare","https://www.dahliana.com","https://www.instagram.com/dahlianaskincare/","","Carola May","Founder & Licensed Esthetician","","","United States","California","Skincare","ok - functional branded packaging is visible, with room for stronger custom cartons, bundles or mailers.","https://www.dahliana.com","","","","","","","DM DRAFT: Hi Carola - I was looking at the cold-pressed botanical skincare range from Dahliana Skincare, and the product story comes through clearly. If you're planning another launch or bundle, we can help with low-MOQ custom boxes and mailers from 50 plus free design support; open to a quick packaging idea? | LEAD SCORE: Hot"
"Thallo Skincare","https://thalloskin.com","https://www.instagram.com/thalloskin/","","","","","","United States","","Skincare","ok - functional branded packaging is visible, with room for stronger custom cartons, bundles or mailers.","https://thalloskin.com/pages/about","","","","","","","DM DRAFT: Hi Thallo Skincare team - I was looking at the barrier-focused skincare formulas from Thallo Skincare, and the product story comes through clearly. If you're planning another launch or bundle, we can help with low-MOQ custom boxes and mailers from 50 plus free design support; open to a quick packaging idea? | LEAD SCORE: Hot"
"Reale Actives","https://realeactives.com","https://www.instagram.com/realeactives/","","Alix Earle","Co-Founder","","","United States","New York","Skincare","ok - cohesive labels are visible; secondary cartons or launch mailers could strengthen the system.","https://realeactives.com","","","","","","","DM DRAFT: Hi Alix - I was looking at the acne-prone skincare launch from Reale Actives, and the product story comes through clearly. If you're planning another launch or bundle, we can help with low-MOQ custom boxes and mailers from 50 plus free design support; open to a quick packaging idea? | LEAD SCORE: Warm"
"Banish","https://banish.com","https://www.instagram.com/banishacnescars/","","Daisy Jing","Founder & CEO","","","United States","Pasadena","Skincare","ok - cohesive labels are visible; secondary cartons or launch mailers could strengthen the system.","https://banish.com","","","","","","","DM DRAFT: Hi Daisy - I was looking at the Banisher 2.0 microneedling tool and Vitamin C Creme from Banish, and the product story comes through clearly. If you're planning another launch or bundle, we can help with low-MOQ custom boxes and mailers from 50 plus free design support; open to a quick packaging idea? | LEAD SCORE: Warm"
"Indie Lee","https://indielee.com","https://www.instagram.com/indie_lee/","","Indie Lee","Founder","","","United States","New York","Skincare","ok - cohesive labels are visible; secondary cartons or launch mailers could strengthen the system.","https://indielee.com","","","","","","","DM DRAFT: Hi Indie - I was looking at the CoQ-10 Toner and Brightening Cleanser from Indie Lee, and the product story comes through clearly. If you're planning another launch or bundle, we can help with low-MOQ custom boxes and mailers from 50 plus free design support; open to a quick packaging idea? | LEAD SCORE: Warm"
"Common Heir","https://commonheir.com","https://www.instagram.com/commonheir/","","Angela Ubias and Cary Lin","Co-Founders","","","United States","San Francisco","Skincare","ok - cohesive labels are visible; secondary cartons or launch mailers could strengthen the system.","https://commonheir.com","","","","","","","DM DRAFT: Hi Angela - I was looking at the Vitamin C and retinol serum capsules from Common Heir, and the product story comes through clearly. If you're planning another launch or bundle, we can help with low-MOQ custom boxes and mailers from 50 plus free design support; open to a quick packaging idea? | LEAD SCORE: Warm"
"Hyper Skin","https://gethyperskin.com","https://www.instagram.com/hyperskin/","","Desiree Verdejo","Founder","","","United States","New York","Skincare","ok - cohesive labels are visible; secondary cartons or launch mailers could strengthen the system.","https://gethyperskin.com","","","","","","","DM DRAFT: Hi Desiree - I was looking at the Hyper Even brightening dark-spot serum from Hyper Skin, and the product story comes through clearly. If you're planning another launch or bundle, we can help with low-MOQ custom boxes and mailers from 50 plus free design support; open to a quick packaging idea? | LEAD SCORE: Warm"
"Rosen Skincare","https://www.rosenskincare.com","https://www.instagram.com/rosenskincare/","","Jamika Martin","Founder & CEO","","","United States","Los Angeles","Skincare","ok - cohesive labels are visible; secondary cartons or launch mailers could strengthen the system.","https://www.rosenskincare.com","","","","","","","DM DRAFT: Hi Jamika - I was looking at the Earth Cleanser and Break-Out treatment from Rosen Skincare, and the product story comes through clearly. If you're planning another launch or bundle, we can help with low-MOQ custom boxes and mailers from 50 plus free design support; open to a quick packaging idea? | LEAD SCORE: Warm"
"Live Tinted","https://www.livetinted.com","https://www.instagram.com/livetinted/","","Deepica Mutyala","Founder & CEO","","","United States","Los Angeles","Cosmetics","strong - cohesive branded components, cartons and campaign-ready presentation are visible.","https://www.livetinted.com","","","","","","","DM DRAFT: Hi Deepica - I was looking at the Huestick color corrector and Hueguard SPF from Live Tinted, and the product story comes through clearly. If you're planning another launch or bundle, we can help with low-MOQ custom boxes and mailers from 50 plus free design support; open to a quick packaging idea? | LEAD SCORE: Nurture"
"Kulfi Beauty","https://kulfibeauty.com","https://www.instagram.com/kulfibeauty/","","Priyanka Ganjoo","Founder","","","United States","New York","Cosmetics","ok - cohesive labels are visible; secondary cartons or launch mailers could strengthen the system.","https://kulfibeauty.com","","","","","","","DM DRAFT: Hi Priyanka - I was looking at the Main Match Concealer and Underlined Kajal from Kulfi Beauty, and the product story comes through clearly. If you're planning another launch or bundle, we can help with low-MOQ custom boxes and mailers from 50 plus free design support; open to a quick packaging idea? | LEAD SCORE: Warm"
"Ciele Cosmetics","https://cielecosmetics.com","https://www.instagram.com/cielecosmetics/","","Nikki DeRoest and Cerre Francis","Co-Founders","","","United States","Los Angeles","Cosmetics","ok - cohesive labels are visible; secondary cartons or launch mailers could strengthen the system.","https://cielecosmetics.com","","","","","","","DM DRAFT: Hi Nikki - I was looking at the Tint & Protect SPF 50 and Flush & Protect blush from Ciele Cosmetics, and the product story comes through clearly. If you're planning another launch or bundle, we can help with low-MOQ custom boxes and mailers from 50 plus free design support; open to a quick packaging idea? | LEAD SCORE: Warm"
"Epi.logic","https://epilogicskincare.com","https://www.instagram.com/epilogicskincare/","","Dr. Chaneve Jeanniton","Founder","","","United States","New York","Skincare","ok - cohesive labels are visible; secondary cartons or launch mailers could strengthen the system.","https://epilogicskincare.com","","","","","","","DM DRAFT: Hi Dr. - I was looking at the Master Plan collagen-renewal serum and Daily Dose from Epi.logic, and the product story comes through clearly. If you're planning another launch or bundle, we can help with low-MOQ custom boxes and mailers from 50 plus free design support; open to a quick packaging idea? | LEAD SCORE: Warm"
"54 Thrones","https://54thrones.com","https://www.instagram.com/54thrones/","","Christina Funke Tegbe","Founder","","","United States","","Body care","ok - cohesive labels are visible; secondary cartons or launch mailers could strengthen the system.","https://54thrones.com","","","","","","","DM DRAFT: Hi Christina - I was looking at the African Beauty Butter and barrier-care products from 54 Thrones, and the product story comes through clearly. If you're planning another launch or bundle, we can help with low-MOQ custom boxes and mailers from 50 plus free design support; open to a quick packaging idea? | LEAD SCORE: Warm"
"LYS Beauty","https://lysbeauty.com","https://www.instagram.com/lysbeautyofficial/","","Tisha Thompson","Founder & CEO","","","United States","Miami","Cosmetics","ok - cohesive labels are visible; secondary cartons or launch mailers could strengthen the system.","https://lysbeauty.com","","","","","","","DM DRAFT: Hi Tisha - I was looking at the Higher Standard blush duo and Bright Start concealer from LYS Beauty, and the product story comes through clearly. If you're planning another launch or bundle, we can help with low-MOQ custom boxes and mailers from 50 plus free design support; open to a quick packaging idea? | LEAD SCORE: Warm"
"Propa Beauty","https://www.propabeauty.com","https://www.instagram.com/propabeauty/","","Stephanie Gyimah","Founder","","","United States","","Cosmetics","ok - functional branded packaging is visible, with room for stronger custom cartons, bundles or mailers.","https://www.propabeauty.com","","","","","","","DM DRAFT: Hi Stephanie - I was looking at the Power Pout lipstick collection from Propa Beauty, and the product story comes through clearly. If you're planning another launch or bundle, we can help with low-MOQ custom boxes and mailers from 50 plus free design support; open to a quick packaging idea? | LEAD SCORE: Hot"
"ERLY Skincare","https://itserly.com","https://www.instagram.com/itserly/","","Jamie Chandlee and Dr. Hallie McDonald","Co-Founders","","","United States","","Skincare","ok - functional branded packaging is visible, with room for stronger custom cartons, bundles or mailers.","https://itserly.com/pages/about","","","","","","","DM DRAFT: Hi Jamie - I was looking at the ERLY Start SPF moisturizer and Daily Dew serum from ERLY Skincare, and the product story comes through clearly. If you're planning another launch or bundle, we can help with low-MOQ custom boxes and mailers from 50 plus free design support; open to a quick packaging idea? | LEAD SCORE: Hot"
"Acela Skincare","https://acelaskincare.com","https://www.instagram.com/acelaskincare/","","K.R. and Robin Averhoff","Co-Founders","","","United States","Muleshoe","Skincare","ok - functional branded packaging is visible, with room for stronger custom cartons, bundles or mailers.","https://acelaskincare.com","","","","","","","DM DRAFT: Hi K.R. - I was looking at the premium tallow moisturizers in signature scents from Acela Skincare, and the product story comes through clearly. If you're planning another launch or bundle, we can help with low-MOQ custom boxes and mailers from 50 plus free design support; open to a quick packaging idea? | LEAD SCORE: Hot"
"Astrea Beauty","https://astreabeauty.com","https://www.instagram.com/astreabeauty.in/","https://www.linkedin.com/company/astreabeauty/","Sharon Natarajan","Founder","","","United States","New York","Skincare","ok - functional branded packaging is visible, with room for stronger custom cartons, bundles or mailers.","https://astreabeauty.com","","","","","","","DM DRAFT: Hi Sharon - I was looking at the serum, day moisturizer and night cream launch from Astrea Beauty, and the product story comes through clearly. If you're planning another launch or bundle, we can help with low-MOQ custom boxes and mailers from 50 plus free design support; open to a quick packaging idea? | LEAD SCORE: Hot"
"ETHYST Skincare","https://www.ethyst.com","https://www.instagram.com/champagneapothecary/","https://www.linkedin.com/company/ethyst","Amber Champagne","Founder","","","United States","Huntington Beach","Skincare","ok - functional branded packaging is visible, with room for stronger custom cartons, bundles or mailers.","https://www.ethyst.com/products/trinity-biological-skincare-system","","","","","","","DM DRAFT: Hi Amber - I was looking at the Trinity three-step microbiome skincare system from ETHYST Skincare, and the product story comes through clearly. If you're planning another launch or bundle, we can help with low-MOQ custom boxes and mailers from 50 plus free design support; open to a quick packaging idea? | LEAD SCORE: Hot"
"OUMERE","https://www.oumere.com","https://www.instagram.com/oumere/","https://www.linkedin.com/company/oumere","Wendy Ouriel","Founder","","","United States","Palm Beach","Skincare","ok - functional branded packaging is visible, with room for stronger custom cartons, bundles or mailers.","https://www.oumere.com","","","","","","","DM DRAFT: Hi Wendy - I was looking at the laboratory-formulated anti-aging skincare line from OUMERE, and the product story comes through clearly. If you're planning another launch or bundle, we can help with low-MOQ custom boxes and mailers from 50 plus free design support; open to a quick packaging idea? | LEAD SCORE: Hot"
"Pholk Beauty","https://pholkbeauty.com","https://www.instagram.com/pholkbeauty/","","Niambi Cacchioli","Founder","","","United States","Union City","Skincare","ok - functional branded packaging is visible, with room for stronger custom cartons, bundles or mailers.","https://pholkbeauty.com","","","","","","","DM DRAFT: Hi Niambi - I was looking at the Glow Replenish Face Wash and Okra Glow duo from Pholk Beauty, and the product story comes through clearly. If you're planning another launch or bundle, we can help with low-MOQ custom boxes and mailers from 50 plus free design support; open to a quick packaging idea? | LEAD SCORE: Hot"
"Buttface","https://buttface.com","https://www.instagram.com/shopbuttface/","","","","","","United States","","Body care","ok - functional branded packaging is visible, with room for stronger custom cartons, bundles or mailers.","https://buttface.com","","","","","","","DM DRAFT: Hi Buttface team - I was looking at the Original Butt Facial and Anti-Funk body treatment from Buttface, and the product story comes through clearly. If you're planning another launch or bundle, we can help with low-MOQ custom boxes and mailers from 50 plus free design support; open to a quick packaging idea? | LEAD SCORE: Hot"
"INNBEAUTY Project","https://www.innbeautyproject.com","https://www.instagram.com/innbeautyproject/","","Alisa Metzger and Jen Shane","Co-Founders","","","United States","New York","Skincare","strong - cohesive branded components, cartons and campaign-ready presentation are visible.","https://www.innbeautyproject.com","","","","","","","DM DRAFT: Hi Alisa - I was looking at the Extreme Cream and Elastic Skin serum from INNBEAUTY Project, and the product story comes through clearly. If you're planning another launch or bundle, we can help with low-MOQ custom boxes and mailers from 50 plus free design support; open to a quick packaging idea? | LEAD SCORE: Nurture"
"Alpyn Beauty","https://alpynbeauty.com","https://www.instagram.com/alpynbeauty/","https://www.linkedin.com/company/alpyn-beauty","Kendra Kolb Butler","Founder","wildcrafted@alpynbeauty.com","","United States","Jackson Hole","Skincare","ok - cohesive labels are visible; secondary cartons or launch mailers could strengthen the system.","https://alpynbeauty.com","","","","","","","DM DRAFT: Hi Kendra - I was looking at the wildcrafted moisturizer and serum range from Alpyn Beauty, and the product story comes through clearly. If you're planning another launch or bundle, we can help with low-MOQ custom boxes and mailers from 50 plus free design support; open to a quick packaging idea? | LEAD SCORE: Warm"
"Nopalera","https://nopalera.co","https://www.instagram.com/nopalera.co/","","Sandra Velasquez","Founder & CEO","hola@nopalera.co","","United States","Los Angeles","Body care","ok - functional branded packaging is visible, with room for stronger custom cartons, bundles or mailers.","https://nopalera.co","","","","","","","DM DRAFT: Hi Sandra - I was looking at the cactus-powered body cleansers and moisturizing bars from Nopalera, and the product story comes through clearly. If you're planning another launch or bundle, we can help with low-MOQ custom boxes and mailers from 50 plus free design support; open to a quick packaging idea? | LEAD SCORE: Hot"
"MARA Beauty","https://themarabeauty.com","https://www.instagram.com/themarabeauty/","","Allison McNamara","Founder","","","United States","Los Angeles","Skincare","ok - cohesive labels are visible; secondary cartons or launch mailers could strengthen the system.","https://themarabeauty.com","","","","","","","DM DRAFT: Hi Allison - I was looking at the Universal Face Oil and algae-infused skincare from MARA Beauty, and the product story comes through clearly. If you're planning another launch or bundle, we can help with low-MOQ custom boxes and mailers from 50 plus free design support; open to a quick packaging idea? | LEAD SCORE: Warm"
